City_ID,City,Country,Date,Lat,Lng,Max Temp,Humidity,Cloudiness,Wind Speed
0,Ushuaia,AR,2022-04-16 02:33:31,-54.8,-68.3,42.46,70,40,28.77
1,Dingle,PH,2022-04-16 02:33:31,10.9995,122.6711,85.15,69,20,4.94
2,Rikitea,PF,2022-04-16 02:32:33,-23.1203,-134.9692,77.81,72,2,14.56
3,Tairua,NZ,2022-04-16 02:33:32,-37.0167,175.85,68.59,73,86,9.75
4,Tema,GH,2022-04-16 02:33:32,5.667,-0.0166,81.48,76,64,7.63
5,Petropavlovka,RU,2022-04-16 02:33:32,50.6114,105.3196,49.44,35,100,5.79
6,Dunedin,NZ,2022-04-16 02:31:45,-45.8742,170.5036,58.46,49,1,23.6
7,Lebu,CL,2022-04-16 02:30:47,-37.6167,-73.65,52.03,91,7,12.19
8,Butaritari,KI,2022-04-16 02:33:33,3.0707,172.7902,81.81,73,39,10.76
9,Souillac,MU,2022-04-16 02:33:33,-20.5167,57.5167,77.38,78,75,14.97
10,Caucasia,CO,2022-04-16 02:30:41,7.9865,-75.1935,78.33,91,100,5.77
11,Oriximina,BR,2022-04-16 02:33:34,-1.7656,-55.8661,74.82,93,100,2.51
12,Mataura,NZ,2022-04-16 02:33:34,-46.1927,168.8643,55.47,56,30,13.29
13,New Norfolk,AU,2022-04-16 02:30:59,-42.7826,147.0587,65.66,52,100,1.45
14,Sinnamary,GF,2022-04-16 02:33:35,5.3833,-52.95,77.77,88,100,10.25
15,Punta Arenas,CL,2022-04-16 02:32:24,-53.15,-70.9167,46.51,87,0,11.5
16,Klaksvik,FO,2022-04-16 02:30:24,62.2266,-6.589,47.32,98,100,14.41
17,Atambua,ID,2022-04-16 02:33:35,-9.1061,124.8925,84.36,65,53,2.82
18,Venice,US,2022-04-16 02:29:50,27.0998,-82.4543,77.99,77,0,6.91
19,Rach Gia,VN,2022-04-16 02:33:36,10.0167,105.0833,86.47,65,29,6.53
20,Chapais,CA,2022-04-16 02:33:36,49.7834,-74.8492,31.78,98,100,5.7
21,Gornopravdinsk,RU,2022-04-16 02:33:36,60.05,69.9,43.66,96,100,7.31
22,Bubaque,GW,2022-04-16 02:33:37,11.2833,-15.8333,74.53,71,10,12.39
23,Arraial Do Cabo,BR,2022-04-16 02:33:37,-22.9661,-42.0278,72.23,69,3,20.98
24,Bredasdorp,ZA,2022-04-16 02:33:37,-34.5322,20.0403,58.3,60,99,11.52
25,Kapaa,US,2022-04-16 02:33:38,22.0752,-159.319,82.38,77,20,16.11
26,Barrow,US,2022-04-16 02:31:03,71.2906,-156.7887,6.82,72,0,28.77
27,Harrismith,ZA,2022-04-16 02:33:38,-28.2728,29.1295,48.81,94,100,10.36
28,Mabaruma,GY,2022-04-16 02:33:38,8.2,-59.7833,74.37,86,89,3.56
29,Qaanaaq,GL,2022-04-16 02:31:12,77.484,-69.3632,-8.28,97,100,2.15
30,Georgetown,MY,2022-04-16 02:33:22,5.4112,100.3354,85.98,78,20,5.75
31,Albany,US,2022-04-16 02:29:30,42.6001,-73.9662,57.61,45,70,4.56
32,Atuona,PF,2022-04-16 02:32:28,-9.8,-139.0333,79.07,78,21,16.08
33,Hasaki,JP,2022-04-16 02:30:45,35.7333,140.8333,55.8,80,100,26.84
34,Faya,SA,2022-04-16 02:33:39,18.3851,42.4509,64.92,45,16,2.93
35,Ahlat,TR,2022-04-16 02:33:40,38.7518,42.4814,34.47,63,44,5.93
36,Busselton,AU,2022-04-16 02:33:40,-33.65,115.3333,71.49,51,81,10.07
37,Pedro Velho,BR,2022-04-16 02:33:40,-6.4392,-35.2214,76.39,91,23,3.24
38,Arman,RU,2022-04-16 02:33:41,59.7,150.1667,27.12,57,96,3.27
39,Celano,IT,2022-04-16 02:33:41,42.0855,13.5398,47.57,63,5,2.95
40,Bethel,US,2022-04-16 02:33:42,41.3712,-73.414,58.64,50,9,7.0
41,Borehamwood,GB,2022-04-16 02:32:30,51.6547,-0.2776,50.07,88,30,3.44
42,Santa Lucia,ES,2022-04-16 02:33:42,27.9117,-15.5407,58.32,72,20,24.16
43,Mount Gambier,AU,2022-04-16 02:33:42,-37.8333,140.7667,67.91,77,40,2.3
44,Kavaratti,IN,2022-04-16 02:33:43,10.5669,72.642,83.52,71,89,3.15
45,Valleyview,CA,2022-04-16 02:31:55,55.0667,-117.2859,32.04,47,100,6.91
46,Dawei,MM,2022-04-16 02:33:43,14.0833,98.2,89.94,56,15,4.25
47,Tuatapere,NZ,2022-04-16 02:34:43,-46.1333,167.6833,55.4,56,34,17.11
48,Hilo,US,2022-04-16 02:30:09,19.7297,-155.09,79.29,88,100,6.91
49,Isangel,VU,2022-04-16 02:34:44,-19.55,169.2667,83.88,70,14,9.46
50,Saint-Philippe,RE,2022-04-16 02:34:44,-21.3585,55.7679,73.22,85,51,15.9
51,Terrace,CA,2022-04-16 02:31:53,54.5163,-128.6035,49.91,20,75,6.91
52,Severo-Kurilsk,RU,2022-04-16 02:32:15,50.6789,156.125,32.49,81,100,3.15
53,Tura,IN,2022-04-16 02:32:13,25.5198,90.2201,80.44,78,97,8.08
54,Bonavista,CA,2022-04-16 02:32:37,48.6499,-53.1147,33.33,85,83,13.04
55,Mar Del Plata,AR,2022-04-16 02:31:11,-38.0023,-57.5575,57.09,87,0,8.99
56,Alofi,NU,2022-04-16 02:34:45,-19.0595,-169.9187,78.69,94,23,5.75
57,Norman Wells,CA,2022-04-16 02:30:54,65.282,-126.8329,14.04,48,40,10.36
58,Port Lincoln,AU,2022-04-16 02:34:46,-34.7333,135.8667,73.94,58,5,9.51
59,Belaya Gora,RU,2022-04-16 02:33:14,68.5333,146.4167,15.93,75,100,2.75
60,Avarua,CK,2022-04-16 02:34:46,-21.2078,-159.775,82.45,78,75,8.05
61,Iracoubo,GF,2022-04-16 02:34:46,5.4802,-53.2011,77.63,87,100,9.42
62,Huangmei,CN,2022-04-16 02:34:47,30.1924,116.025,55.49,54,100,9.08
63,Vaini,TO,2022-04-16 02:34:47,-21.2,-175.2,84.36,70,20,10.36
64,Bengkulu,ID,2022-04-16 02:34:47,-3.8004,102.2655,83.71,66,100,2.28
65,Kruisfontein,ZA,2022-04-16 02:31:03,-34.0033,24.7314,51.89,78,74,4.85
66,Nantucket,US,2022-04-16 02:31:53,41.2835,-70.0995,52.0,74,0,16.11
67,Ilulissat,GL,2022-04-16 02:34:48,69.2167,-51.1,8.62,61,20,5.75
68,Meadow Lake,US,2022-04-16 02:34:48,34.8014,-106.5436,69.48,6,100,6.2
69,Mosquera,CO,2022-04-16 02:34:49,4.7059,-74.2302,55.49,82,40,4.61
70,Los Llanos De Aridane,ES,2022-04-16 02:33:35,28.6585,-17.9182,65.12,46,0,12.66
71,Tasiilaq,GL,2022-04-16 02:30:44,65.6145,-37.6368,37.56,97,100,11.99
72,Cherskiy,RU,2022-04-16 02:34:49,68.75,161.3,21.52,92,100,8.97
73,Kodiak,US,2022-04-16 02:34:51,57.79,-152.4072,38.71,87,100,16.11
74,Torbay,CA,2022-04-16 02:33:08,47.6666,-52.7314,36.57,76,100,11.5
75,Lompoc,US,2022-04-16 02:32:28,34.6391,-120.4579,57.85,86,100,17.0
76,Sao Joao Da Barra,BR,2022-04-16 02:33:07,-21.6403,-41.0511,70.79,62,99,13.38
77,Airai,TL,2022-04-16 02:34:52,-8.9266,125.4092,74.07,65,47,1.23
78,Hearst,CA,2022-04-16 02:34:52,49.6835,-83.6665,26.85,87,100,8.41
79,Chuy,UY,2022-04-16 02:33:41,-33.6971,-53.4616,60.48,70,78,6.42
80,Tazovskiy,RU,2022-04-16 02:32:13,67.4667,78.7,20.05,92,100,4.97
81,Vardo,NO,2022-04-16 02:33:43,70.3705,31.1107,36.03,91,100,21.43
82,Bluff,NZ,2022-04-16 02:33:40,-46.6,168.3333,55.8,64,15,32.64
83,Eyl,SO,2022-04-16 02:34:53,7.9803,49.8164,79.25,79,12,2.17
84,East London,ZA,2022-04-16 02:34:53,-33.0153,27.9116,61.29,67,100,5.91
85,Kribi,CM,2022-04-16 02:34:53,2.95,9.9167,77.9,88,82,2.8
86,Hobart,AU,2022-04-16 02:33:28,-42.8794,147.3294,66.02,65,75,9.22
87,Timra,SE,2022-04-16 02:34:54,62.487,17.3257,26.28,86,75,3.44
88,Presidencia Roque Saenz Pena,AR,2022-04-16 02:34:54,-26.7852,-60.4388,53.29,82,25,3.62
89,Balkanabat,TM,2022-04-16 02:34:55,39.5108,54.3671,55.6,62,12,4.16
90,Flin Flon,CA,2022-04-16 02:30:22,54.7682,-101.865,18.81,89,100,4.47
91,Saint George,US,2022-04-16 02:34:55,37.1041,-113.5841,72.19,20,0,9.22
92,San Cristobal,VE,2022-04-16 02:35:55,7.7669,-72.225,73.58,86,100,2.84
93,Sompeta,IN,2022-04-16 02:35:56,18.9333,84.6,90.79,54,17,13.96
94,Kaniv,UA,2022-04-16 02:35:56,49.7518,31.46,49.42,91,100,5.77
95,Moose Factory,CA,2022-04-16 02:35:57,51.2585,-80.6094,33.8,100,100,3.44
96,Plainview,US,2022-04-16 02:34:21,40.7765,-73.4673,59.47,52,0,18.41
97,Hithadhoo,MV,2022-04-16 02:34:53,-0.6,73.0833,82.53,69,38,2.75
98,Jamestown,US,2022-04-16 02:33:36,42.097,-79.2353,49.59,63,20,8.05
99,Lonar,IN,2022-04-16 02:35:57,19.9833,76.5333,87.93,20,21,9.08
100,Muisne,EC,2022-04-16 02:35:58,0.6,-80.0333,76.53,87,100,7.0
101,Sitka,US,2022-04-16 02:35:58,57.0531,-135.33,46.29,61,40,14.97
102,Turayf,SA,2022-04-16 02:35:58,31.6725,38.6637,55.65,30,0,4.61
103,Srednekolymsk,RU,2022-04-16 02:35:59,67.45,153.6833,19.06,71,100,2.89
104,Nikolskoye,RU,2022-04-16 02:35:59,59.7035,30.7861,35.87,90,61,10.47
105,Puerto Ayora,EC,2022-04-16 02:35:59,-0.7393,-90.3518,75.63,91,74,7.31
106,Ambon,ID,2022-04-16 02:36:00,-3.6954,128.1814,89.74,66,40,6.91
107,Ovsyanka,RU,2022-04-16 02:36:00,55.9575,92.5519,56.37,65,94,4.41
108,Jennings,US,2022-04-16 02:36:00,38.7192,-90.2604,55.42,79,20,5.99
109,Piterka,RU,2022-04-16 02:36:01,50.6803,47.4454,44.71,72,72,4.34
110,Naples,IT,2022-04-16 02:33:17,40.8333,14.25,64.15,65,0,3.0
111,Spearfish,US,2022-04-16 02:31:03,44.4908,-103.8594,23.88,70,100,8.05
112,Cape Town,ZA,2022-04-16 02:34:33,-33.9258,18.4232,58.91,69,0,17.0
113,Ouegoa,NC,2022-04-16 02:36:01,-20.35,164.4333,80.26,67,39,11.48
114,Esperance,AU,2022-04-16 02:34:55,-33.8667,121.9,69.64,57,54,9.71
115,Nome,US,2022-04-16 02:36:02,64.5011,-165.4064,34.16,80,100,24.16
116,Dikson,RU,2022-04-16 02:32:31,73.5069,80.5464,16.74,92,100,8.66
117,Baykit,RU,2022-04-16 02:32:15,61.67,96.37,39.22,97,100,2.98
118,Chokurdakh,RU,2022-04-16 02:36:02,70.6333,147.9167,11.82,87,100,5.5
119,Hermanus,ZA,2022-04-16 02:36:03,-34.4187,19.2345,54.81,68,48,14.72
120,Sabha,LY,2022-04-16 02:36:03,27.0377,14.4283,69.75,21,0,12.15
121,Ipixuna,BR,2022-04-16 02:36:03,-1.7625,-48.8043,73.76,97,100,2.44
122,Mahebourg,MU,2022-04-16 02:36:04,-20.4081,57.7,77.29,78,75,14.97
123,Gamba,GA,2022-04-16 02:36:04,-2.65,10.0,76.82,89,99,1.07
124,Praia Da Vitoria,PT,2022-04-16 02:33:00,38.7333,-27.0667,59.25,88,20,3.2
125,Brae,GB,2022-04-16 02:36:05,60.3964,-1.353,45.61,90,98,22.84
126,Shimoda,JP,2022-04-16 02:32:02,34.6667,138.95,55.76,84,100,13.85
127,Port Alfred,ZA,2022-04-16 02:36:05,-33.5906,26.891,58.89,71,80,5.66
128,Abu Kamal,SY,2022-04-16 02:36:05,34.4506,40.9171,59.45,28,0,5.99
129,Castro,BR,2022-04-16 02:35:18,-24.7911,-50.0119,47.89,88,0,4.97
130,Bontang,ID,2022-04-16 02:36:06,0.1333,117.5,78.51,90,100,10.09
131,Ulaanbaatar,MN,2022-04-16 02:36:06,47.9077,106.8832,39.33,35,0,2.24
132,Myitkyina,MM,2022-04-16 02:36:07,25.3833,97.4,88.05,43,16,2.84
133,Uyovu,TZ,2022-04-16 02:36:07,-3.2833,31.5258,62.01,98,100,2.53
134,Nyurba,RU,2022-04-16 02:31:27,63.2842,118.3319,23.27,80,100,4.7
135,Ponta Do Sol,PT,2022-04-16 02:36:07,32.6667,-17.1,66.7,56,95,4.85
136,Aksarka,RU,2022-04-16 02:33:16,66.5606,67.7975,16.81,91,83,4.9
137,Birin,NP,2022-04-16 02:36:08,26.8865,88.0718,72.82,34,3,4.14
138,Yellowknife,CA,2022-04-16 02:37:08,62.456,-114.3525,19.92,45,75,6.91
139,Port Blair,IN,2022-04-16 02:33:18,11.6667,92.75,86.04,70,20,2.3
140,Pochutla,MX,2022-04-16 02:37:09,15.7432,-96.4661,82.81,69,18,5.77
141,Kahului,US,2022-04-16 02:34:43,20.8947,-156.47,78.82,71,40,21.85
142,Westport,US,2022-04-16 02:33:01,41.1415,-73.3579,58.33,56,0,18.41
143,Mitsamiouli,KM,2022-04-16 02:37:09,-11.3847,43.2844,82.33,76,22,10.96
144,Cam Ranh,VN,2022-04-16 02:33:14,11.9214,109.1591,85.96,70,40,4.61
145,Caxito,AO,2022-04-16 02:37:10,-8.5785,13.6643,74.03,99,98,3.53
146,Manjacaze,MZ,2022-04-16 02:37:10,-24.7117,33.8828,69.75,94,97,11.21
147,Sindor,RU,2022-04-16 02:37:10,62.8629,51.8905,24.42,82,100,10.58
148,Chara,RU,2022-04-16 02:37:11,56.9064,118.2631,21.29,60,46,2.57
149,Bandarbeyla,SO,2022-04-16 02:37:11,9.4942,50.8122,82.87,68,77,6.96
150,Sept-Iles,CA,2022-04-16 02:37:11,50.2001,-66.3821,34.32,97,100,9.22
151,Loandjili,CG,2022-04-16 02:37:12,-4.7561,11.8578,77.11,94,20,4.61
152,Talnakh,RU,2022-04-16 02:37:12,69.4865,88.3972,25.0,91,100,10.92
153,Jalu,LY,2022-04-16 02:37:12,29.0331,21.5482,75.43,14,94,26.91
154,Santa,PH,2022-04-16 02:35:04,17.486,120.4348,88.02,72,78,5.66
155,Gunjur,GM,2022-04-16 02:37:13,13.2019,-16.7339,67.6,88,59,12.5
156,Ambilobe,MG,2022-04-16 02:32:55,-13.2,49.05,74.57,84,21,5.06
157,Yulara,AU,2022-04-16 02:33:44,-25.2406,130.9889,96.64,15,12,17.27
158,Havre-Saint-Pierre,CA,2022-04-16 02:36:55,50.2334,-63.5986,32.36,100,100,6.91
159,Teguldet,RU,2022-04-16 02:37:14,57.3064,88.1667,46.24,81,100,6.08
160,Haines Junction,CA,2022-04-16 02:37:14,60.7522,-137.5108,35.55,44,100,9.22
161,Fort Nelson,CA,2022-04-16 02:37:14,58.8053,-122.7002,38.79,20,40,4.61
162,Gebre Guracha,ET,2022-04-16 02:37:15,9.8,38.4,56.07,76,99,1.99
163,Hambantota,LK,2022-04-16 02:37:15,6.1241,81.1185,82.74,94,20,3.44
164,Dalby,AU,2022-04-16 02:37:15,-27.1833,151.2667,75.15,38,0,9.1
165,Nombre De Dios,MX,2022-04-16 02:37:16,23.85,-104.2333,64.31,22,18,8.37
166,Melito Di Porto Salvo,IT,2022-04-16 02:37:16,37.9222,15.7714,63.3,72,75,4.61
167,Keffi,NG,2022-04-16 02:37:17,8.8486,7.8736,76.73,70,96,2.17
168,Yamada,JP,2022-04-16 02:37:17,39.4667,141.95,42.96,76,100,13.51
169,Ouahigouya,BF,2022-04-16 02:37:17,13.5828,-2.4216,89.11,24,100,3.94
170,Kaitangata,NZ,2022-04-16 02:37:18,-46.2817,169.8464,56.34,55,6,20.47
171,Gouyave,GD,2022-04-16 02:37:18,12.1646,-61.7296,79.57,78,20,24.16
172,Manadhoo,MV,2022-04-16 02:37:18,5.7667,73.3833,84.4,69,99,8.23
173,Humaita,BR,2022-04-16 02:37:19,-7.5061,-63.0208,73.71,99,98,1.97
174,Nhulunbuy,AU,2022-04-16 02:37:19,-12.2333,136.7667,79.41,89,75,9.22
175,Makakilo City,US,2022-04-16 02:37:19,21.3469,-158.0858,79.12,59,20,17.27
176,Cabo San Lucas,MX,2022-04-16 02:33:59,22.8909,-109.9124,80.91,27,40,6.91
177,Longyearbyen,SJ,2022-04-16 02:37:20,78.2186,15.6401,31.84,86,75,6.91
178,Saskylakh,RU,2022-04-16 02:37:20,71.9167,114.0833,4.1,90,45,9.37
179,Redmond,US,2022-04-16 02:34:54,47.674,-122.1215,51.73,54,93,1.01
180,Acari,PE,2022-04-16 02:37:21,-15.4311,-74.6158,68.29,83,100,3.94
181,Ribeira Grande,PT,2022-04-16 02:37:21,38.5167,-28.7,59.4,82,75,9.22
182,Kuytun,RU,2022-04-16 02:37:21,54.3419,101.5036,47.07,55,96,9.86
183,Dukat,RU,2022-04-16 02:37:22,62.55,155.55,18.05,83,100,5.77
184,Hofn,IS,2022-04-16 02:38:22,64.2539,-15.2082,45.07,96,100,4.03
185,Carnarvon,AU,2022-04-16 02:38:22,-24.8667,113.6333,86.07,45,88,8.05
186,Tiksi,RU,2022-04-16 02:38:23,71.6872,128.8694,1.87,92,99,3.2
187,Chicama,PE,2022-04-16 02:38:23,-7.8447,-79.1469,61.34,79,50,7.56
188,Mayo,US,2022-04-16 02:38:23,38.8876,-76.5119,62.11,54,0,14.97
189,Vila Velha,BR,2022-04-16 02:34:27,-20.3297,-40.2925,73.35,70,40,6.91
190,Salalah,OM,2022-04-16 02:38:24,17.0151,54.0924,77.09,78,0,3.44
191,Hope,US,2022-04-16 02:34:05,33.6671,-93.5916,71.65,99,100,4.23
192,Yumen,CN,2022-04-16 02:38:24,40.2833,97.2,44.22,21,0,26.17
193,Tabas,IR,2022-04-16 02:38:24,33.5959,56.9244,73.62,28,2,4.61
194,Novyy Urengoy,RU,2022-04-16 02:38:25,66.0833,76.6333,25.72,93,100,4.18
195,Port-Gentil,GA,2022-04-16 02:38:25,-0.7193,8.7815,80.04,82,100,2.8
196,North Augusta,US,2022-04-16 02:35:38,33.5018,-81.9651,66.51,61,0,5.75
197,Benalla,AU,2022-04-16 02:38:26,-36.55,145.9833,75.85,35,0,5.01
198,Dosso,NE,2022-04-16 02:38:26,13.049,3.1937,81.99,57,90,14.67
199,Agbor,NG,2022-04-16 02:38:27,6.2518,6.1934,76.57,93,100,1.9
200,Hirara,JP,2022-04-16 02:38:27,24.8,125.2833,71.87,73,75,18.41
201,Coquimbo,CL,2022-04-16 02:38:27,-29.9533,-71.3436,55.13,82,0,3.44
202,Asmar,AF,2022-04-16 02:38:28,35.0333,71.3581,73.35,23,0,7.52
203,Karratha,AU,2022-04-16 02:38:10,-20.7377,116.8463,94.19,28,13,16.46
204,Nabire,ID,2022-04-16 02:38:28,-3.3667,135.4833,84.99,73,83,6.33
205,Leningradskiy,RU,2022-04-16 02:38:29,69.3833,178.4167,12.27,87,100,9.78
206,Morehead,US,2022-04-16 02:38:29,37.2711,-87.1764,58.98,66,100,9.22
207,Matara,LK,2022-04-16 02:38:29,5.9485,80.5353,84.49,71,34,3.44
208,Saldanha,ZA,2022-04-16 02:38:30,-33.0117,17.9442,55.45,61,1,14.25
209,Yokadouma,CM,2022-04-16 02:38:30,3.5167,15.05,68.2,99,60,0.74
210,Samarai,PG,2022-04-16 02:38:30,-10.6167,150.6667,83.91,70,100,8.61
211,Pevek,RU,2022-04-16 02:38:31,69.7008,170.3133,20.59,86,47,3.91
212,Tateyama,JP,2022-04-16 02:38:31,34.9833,139.8667,52.95,76,100,16.6
213,Coihaique,CL,2022-04-16 02:38:31,-45.5752,-72.0662,52.41,76,0,4.61
214,Nakhon Phanom,TH,2022-04-16 02:38:32,17.3333,104.4167,85.8,43,22,7.65
215,Koslan,RU,2022-04-16 02:38:32,63.4564,48.8989,23.29,89,98,7.94
216,Khasan,RU,2022-04-16 02:38:32,42.4308,130.6434,54.45,41,1,9.42
217,Faanui,PF,2022-04-16 02:38:33,-16.4833,-151.75,82.45,67,2,14.74
218,Vredendal,ZA,2022-04-16 02:38:33,-31.6683,18.5012,57.51,50,0,10.83
219,Bahia Honda,CU,2022-04-16 02:38:33,22.9036,-83.1592,75.79,89,4,9.08
220,Lucapa,AO,2022-04-16 02:38:34,-8.4192,20.7447,66.7,97,100,2.71
221,Igrim,RU,2022-04-16 02:38:34,63.1906,64.4162,26.82,93,100,11.88
222,Bereda,ES,2022-04-16 02:38:34,43.2686,-7.5406,53.42,100,17,1.25
223,Tabira,BR,2022-04-16 02:38:35,-7.5908,-37.5394,73.17,78,82,3.85
224,Ishigaki,JP,2022-04-16 02:38:35,24.3448,124.1572,71.73,73,75,13.8
225,Victoria,HK,2022-04-16 02:37:57,22.2855,114.1577,77.18,72,96,23.0
226,Zhangye,CN,2022-04-16 02:38:35,38.9342,100.4517,47.55,31,100,15.35
227,Vestmannaeyjar,IS,2022-04-16 02:38:36,63.4427,-20.2734,47.12,89,42,33.15
228,Muroto,JP,2022-04-16 02:38:36,33.2833,134.15,59.85,48,57,8.57
229,Mahon,ES,2022-04-16 02:36:04,39.8885,4.2658,50.56,93,0,5.75
230,Kibala,TD,2022-04-16 02:39:37,9.1104,18.3463,82.35,65,0,4.61
231,Abha,SA,2022-04-16 02:39:37,18.2164,42.5053,64.65,45,40,5.75
232,Lagoa,PT,2022-04-16 02:39:37,39.05,-27.9833,58.77,71,100,10.63
233,Farah,AF,2022-04-16 02:39:38,32.5,62.5,71.8,21,100,1.97
234,Kuching,MY,2022-04-16 02:37:43,1.55,110.3333,86.22,74,20,3.44
235,Gushikawa,JP,2022-04-16 02:39:38,26.3544,127.8686,73.4,57,75,17.27
236,Half Moon Bay,US,2022-04-16 02:39:38,37.4636,-122.4286,60.67,68,0,14.97
237,Hobe Sound,US,2022-04-16 02:39:39,27.0595,-80.1364,76.01,84,40,10.36
238,Pacific Grove,US,2022-04-16 02:39:39,36.6177,-121.9166,57.22,79,0,6.91
239,Thinadhoo,MV,2022-04-16 02:34:51,0.5333,72.9333,82.65,72,31,3.4
240,Port Elizabeth,ZA,2022-04-16 02:36:04,-33.918,25.5701,56.32,84,0,1.14
241,Geraldton,AU,2022-04-16 02:39:40,-28.7667,114.6,75.61,73,75,13.8
242,Ocampo,MX,2022-04-16 02:39:40,21.65,-101.5,65.5,16,74,5.99
243,Tuy Hoa,VN,2022-04-16 02:39:41,13.0833,109.3,82.69,77,81,6.17
244,Prado,BR,2022-04-16 02:39:41,-17.3411,-39.2208,74.59,85,100,10.49
245,Touros,BR,2022-04-16 02:39:41,-5.1989,-35.4608,79.92,81,82,7.27
246,Jardim,BR,2022-04-16 02:36:00,-21.4803,-56.1381,61.5,89,0,3.91
247,Panguna,PG,2022-04-16 02:39:42,-6.3164,155.4848,79.02,75,85,1.95
248,Richards Bay,ZA,2022-04-16 02:39:42,-28.783,32.0377,67.23,89,100,10.18
249,Uyuni,BO,2022-04-16 02:39:42,-20.4597,-66.825,42.03,18,0,9.01
250,Atbasar,KZ,2022-04-16 02:39:43,51.8,68.3333,52.88,65,100,3.6
251,Harper,LR,2022-04-16 02:39:43,4.375,-7.7169,78.31,87,98,4.85
252,Namibe,AO,2022-04-16 02:39:43,-15.1961,12.1522,70.72,80,61,4.34
253,Katsuura,JP,2022-04-16 02:36:51,35.1333,140.3,51.8,80,100,22.62
254,Vanimo,PG,2022-04-16 02:39:44,-2.6741,141.3028,85.78,68,50,6.26
255,Botwood,CA,2022-04-16 02:39:44,49.1499,-55.3482,39.9,83,100,7.54
256,Cockburn Town,TC,2022-04-16 02:39:44,21.4612,-71.1419,77.29,80,84,24.16
257,Olinda,BR,2022-04-16 02:39:45,-8.0089,-34.8553,83.93,74,40,5.75
258,Pokhara,NP,2022-04-16 02:39:02,28.2333,83.9833,85.14,13,0,3.87
259,Makarov,RU,2022-04-16 02:39:45,48.6333,142.8,36.88,70,8,7.76
260,Bilibino,RU,2022-04-16 02:39:46,68.0546,166.4372,31.3,79,100,3.8
261,Leshukonskoye,RU,2022-04-16 02:39:46,64.8989,45.7622,21.6,96,86,3.56
262,Lashio,MM,2022-04-16 02:39:46,22.9333,97.75,88.63,37,7,3.24
263,Katangli,RU,2022-04-16 02:39:47,51.7102,143.2326,33.17,84,100,11.52
264,Kavieng,PG,2022-04-16 02:39:47,-2.5744,150.7967,84.42,72,16,7.25
265,Kalmunai,LK,2022-04-16 02:39:47,7.4167,81.8167,83.32,76,57,10.51
266,Padang,ID,2022-04-16 02:39:48,-0.9492,100.3543,82.98,70,100,0.87
267,Sharqpur,PK,2022-04-16 02:39:48,31.4633,74.1,78.93,19,0,4.23
268,Sarajevo,BA,2022-04-16 02:38:07,43.8486,18.3564,48.11,87,75,1.14
269,Almaznyy,RU,2022-04-16 02:39:48,48.0448,40.045,44.31,91,80,7.67
270,Kondinskoye,RU,2022-04-16 02:39:49,59.6481,67.41,38.21,99,100,7.02
271,Pionki,PL,2022-04-16 02:39:49,51.476,21.4499,45.21,36,100,14.76
272,Clyde River,CA,2022-04-16 02:37:23,70.4692,-68.5914,-14.57,76,0,5.75
273,Asau,RO,2022-04-16 02:40:50,46.4333,26.4,45.52,83,97,2.3
274,Wollongong,AU,2022-04-16 02:40:50,-34.4333,150.8833,75.99,71,45,4.74
275,Bambanglipuro,ID,2022-04-16 02:40:50,-7.95,110.2833,85.55,68,85,3.53
276,Naron,ES,2022-04-16 02:40:51,43.5167,-8.1528,56.01,91,5,2.8
277,Biak,ID,2022-04-16 02:40:51,-0.9131,122.8766,83.12,71,100,2.93
278,Poso,ID,2022-04-16 02:40:51,-1.3959,120.7524,78.17,91,100,4.32
279,San Patricio,US,2022-04-16 02:40:52,28.017,-97.5169,75.07,91,58,9.8
280,Saint-Raphael,HT,2022-04-16 02:40:52,19.4333,-72.2,70.45,88,21,1.86
281,Bolgatanga,GH,2022-04-16 02:40:52,10.7856,-0.8514,85.21,56,100,8.46
282,Kiama,AU,2022-04-16 02:40:53,-34.6833,150.8667,75.38,71,78,3.85
283,El Segundo,US,2022-04-16 02:40:53,33.9192,-118.4165,67.12,82,20,12.66
284,Ha Tinh,VN,2022-04-16 02:40:53,18.3333,105.9,83.93,73,65,4.7
285,Adre,TD,2022-04-16 02:40:54,13.4667,22.2,76.62,10,58,7.52
286,Pestravka,RU,2022-04-16 02:40:54,52.405,49.9583,38.82,80,15,2.35
287,Bouca,CF,2022-04-16 02:40:54,6.5105,18.2733,71.78,81,6,4.52
288,Iztapa,GT,2022-04-16 02:40:55,13.9333,-90.7075,83.32,72,84,6.53
289,Santa Maria,BR,2022-04-16 02:40:28,-29.6842,-53.8069,52.9,100,20,2.3
290,Luderitz,NA,2022-04-16 02:37:31,-26.6481,15.1594,58.71,58,0,13.15
291,Huilong,CN,2022-04-16 02:40:55,31.8111,121.655,57.0,49,98,10.83
292,Mehamn,NO,2022-04-16 02:40:56,71.0357,27.8492,35.62,90,100,20.62
293,Ahipara,NZ,2022-04-16 02:40:56,-35.1667,173.1667,69.87,62,100,3.02
294,Berezna,UA,2022-04-16 02:40:56,51.5716,31.7846,48.31,92,100,10.22
295,Fuyang,CN,2022-04-16 02:40:57,32.9,115.8167,57.61,39,100,7.52
296,Dudinka,RU,2022-04-16 02:40:57,69.4058,86.1778,25.63,95,93,11.59
297,Lavrentiya,RU,2022-04-16 02:40:57,65.5833,-171.0,29.91,96,100,14.9
298,Beringovskiy,RU,2022-04-16 02:39:42,63.05,179.3167,32.31,97,100,24.92
299,Najran,SA,2022-04-16 02:40:58,17.4924,44.1277,72.25,38,4,3.13
300,Aitape,PG,2022-04-16 02:40:58,-3.1374,142.3475,84.79,72,95,5.39
301,Orange Cove,US,2022-04-16 02:40:59,36.6244,-119.3137,73.06,48,92,4.32
302,Provideniya,RU,2022-04-16 02:40:59,64.3833,-173.3,32.65,95,100,24.76
303,Manat,PH,2022-04-16 02:40:59,7.5327,126.0173,87.17,64,78,3.96
304,Les Escoumins,CA,2022-04-16 02:41:00,48.1111,-69.0236,36.75,82,46,16.64
305,Aizkraukle,LV,2022-04-16 02:41:00,56.6048,25.2553,34.18,79,92,8.81
306,Tecoanapa,MX,2022-04-16 02:41:01,16.5167,-98.75,81.09,67,100,4.41
307,Taoudenni,ML,2022-04-16 02:37:15,22.6783,-3.9836,73.58,21,0,12.28
308,Monroe,US,2022-04-16 02:41:01,43.1501,-77.6831,53.11,62,75,5.75
309,Berbera,SO,2022-04-16 02:41:01,10.4396,45.0143,81.66,82,77,3.85
310,Penzance,GB,2022-04-16 02:41:02,50.1186,-5.5371,52.48,90,97,5.14
311,Paracatu,BR,2022-04-16 02:41:02,-17.2222,-46.8747,69.71,74,58,5.14
312,Brigantine,US,2022-04-16 02:41:02,39.4101,-74.3646,56.03,64,0,13.8
313,Cap-Aux-Meules,CA,2022-04-16 02:41:03,47.3821,-61.8597,35.62,93,100,6.91
314,Hobyo,SO,2022-04-16 02:41:03,5.3505,48.5268,81.32,77,63,6.67
315,Coulommiers,FR,2022-04-16 02:39:38,48.8145,3.085,51.12,88,86,7.49
316,Sturgis,US,2022-04-16 02:41:03,41.7992,-85.4192,44.26,87,100,4.61
317,Rawson,AR,2022-04-16 02:41:04,-43.3002,-65.1023,64.26,49,4,11.63
318,Esil,KZ,2022-04-16 02:41:04,51.9556,66.4042,52.84,62,100,7.29
319,Namatanai,PG,2022-04-16 02:41:05,-3.6667,152.4333,84.81,69,25,5.57
320,Ugoofaaru,MV,2022-04-16 02:41:05,5.6667,73.0,84.33,70,100,8.08
321,Tuktoyaktuk,CA,2022-04-16 02:42:05,69.4541,-133.0374,-5.8,71,20,5.75
322,Goderich,CA,2022-04-16 02:42:06,43.7501,-81.7165,40.91,60,100,10.36
323,Yerbogachen,RU,2022-04-16 02:42:06,61.2767,108.0108,30.81,72,100,5.93
324,Guerrero Negro,MX,2022-04-16 02:42:06,27.9769,-114.0611,59.58,80,92,14.05
325,Cidreira,BR,2022-04-16 02:42:07,-30.1811,-50.2056,64.2,69,90,7.43
326,Thompson,CA,2022-04-16 02:39:12,55.7435,-97.8558,21.36,45,75,8.05
327,Caborca,MX,2022-04-16 02:42:07,30.5838,-111.101,69.53,9,72,6.46
328,Pangnirtung,CA,2022-04-16 02:42:07,66.1451,-65.7125,-4.76,87,4,6.6
329,Parana,AR,2022-04-16 02:37:22,-31.732,-60.5238,56.55,93,0,7.43
330,Calama,CL,2022-04-16 02:42:08,-22.4667,-68.9333,48.69,18,0,9.22
331,Tokonou,GN,2022-04-16 02:42:08,9.65,-9.7833,73.72,73,96,5.48
332,Itarema,BR,2022-04-16 02:42:09,-2.9248,-39.9167,77.47,86,72,3.09
333,Tautira,PF,2022-04-16 02:42:09,-17.7333,-149.15,81.21,72,29,15.82
334,Northam,GB,2022-04-16 02:42:09,51.0333,-4.2167,52.61,94,73,4.76
335,Nurota,UZ,2022-04-16 02:42:10,40.5614,65.6886,74.12,25,96,1.23
336,Datong,CN,2022-04-16 02:38:46,40.0936,113.2914,53.04,11,28,4.54
337,Atar,MR,2022-04-16 02:42:10,20.5169,-13.0499,74.3,18,0,2.37
338,Kachhwa,IN,2022-04-16 02:42:11,25.2167,82.7167,84.18,9,0,4.59
339,Lorengau,PG,2022-04-16 02:42:11,-2.0226,147.2712,84.67,71,34,5.7
340,Iquique,CL,2022-04-16 02:42:11,-20.2208,-70.1431,64.44,76,44,3.87
341,Kabrai,IN,2022-04-16 02:42:12,25.4167,80.0167,94.73,11,1,4.63
342,Marsh Harbour,BS,2022-04-16 02:42:12,26.5412,-77.0636,72.41,82,100,17.69
343,Bogorodskoye,RU,2022-04-16 02:42:12,56.55,37.8833,33.31,98,100,12.24
344,Sosnovo-Ozerskoye,RU,2022-04-16 02:42:13,52.5249,111.5418,42.26,50,98,11.48
345,Goure,NE,2022-04-16 02:42:13,13.9835,10.2704,82.02,43,74,9.48
346,Nishihara,JP,2022-04-16 02:42:13,26.1842,127.7558,73.45,60,100,19.57
347,Harindanga,IN,2022-04-16 02:42:14,22.0383,88.3214,88.03,64,67,17.13
348,Kushiro,JP,2022-04-16 02:42:14,42.975,144.3747,47.35,46,75,9.22
349,Vila Franca Do Campo,PT,2022-04-16 02:42:15,37.7167,-25.4333,57.61,88,18,3.76
350,Ixtapa,MX,2022-04-16 02:39:31,20.7,-105.2,74.23,84,100,1.99
351,Muros,ES,2022-04-16 02:42:15,42.7762,-9.0603,49.84,92,20,2.68
352,Zhezkazgan,KZ,2022-04-16 02:42:16,47.8043,67.7144,48.18,57,0,11.18
353,Sao Filipe,CV,2022-04-16 02:42:16,14.8961,-24.4956,70.34,76,10,7.09
354,Hatillo,PR,2022-04-16 02:42:16,18.4863,-66.8254,75.11,85,88,13.29
355,Ust-Maya,RU,2022-04-16 02:42:17,60.4167,134.5333,30.47,82,100,4.38
356,Sydney Mines,CA,2022-04-16 02:42:17,46.2367,-60.2177,40.8,95,100,3.44
357,Acapulco,MX,2022-04-16 02:42:17,16.8634,-99.8901,79.14,67,19,6.35
358,Juneau,US,2022-04-16 02:42:18,58.3019,-134.4197,46.4,75,20,10.36
359,Sakakah,SA,2022-04-16 02:42:18,29.9697,40.2064,63.97,24,48,5.46
360,Quelimane,MZ,2022-04-16 02:42:18,-17.8786,36.8883,78.75,94,20,0.0
361,Eureka,US,2022-04-16 02:42:19,40.8021,-124.1637,46.74,81,100,4.43
362,Kununurra,AU,2022-04-16 02:42:19,-15.7667,128.7333,91.38,58,73,4.61
363,Pisco,PE,2022-04-16 02:42:19,-13.7,-76.2167,66.02,82,0,13.8
364,Koson,UZ,2022-04-16 02:42:20,39.0375,65.585,59.32,26,88,5.93
365,Pauini,BR,2022-04-16 02:42:20,-7.7136,-66.9764,72.79,99,100,0.72
366,Port Hedland,AU,2022-04-16 02:43:20,-20.3167,118.5667,93.25,29,8,11.5
367,Seoul,KR,2022-04-16 02:40:15,37.5683,126.9778,63.79,35,0,9.22
368,Pangai,TO,2022-04-16 02:43:21,-19.8,-174.35,80.71,83,75,13.8
369,Sangar,RU,2022-04-16 02:43:21,63.9242,127.4739,22.82,84,36,4.85
370,Chesley,CA,2022-04-16 02:40:00,44.2966,-81.0952,36.09,63,96,10.42
371,Xinpu,CN,2022-04-16 02:43:22,34.5997,119.1594,60.1,23,100,7.63
372,Bulawayo,ZW,2022-04-16 02:43:22,-20.15,28.5833,64.24,79,83,4.76
373,Puerto Leguizamo,CO,2022-04-16 02:43:22,-0.1934,-74.7819,71.55,98,92,1.57
374,Teya,RU,2022-04-16 02:43:23,60.3778,92.6267,37.89,98,100,4.61
375,Constitucion,CL,2022-04-16 02:43:23,-35.3333,-72.4167,51.08,86,0,7.0
376,Kupang,ID,2022-04-16 02:43:23,-10.1667,123.5833,86.85,63,23,2.59
377,Kandrian,PG,2022-04-16 02:43:24,-6.2167,149.55,84.31,73,86,6.38
378,Sfantu Gheorghe,RO,2022-04-16 02:43:24,45.8667,25.7833,53.26,75,100,1.48
379,Port Augusta,AU,2022-04-16 02:42:14,-32.5,137.7667,87.06,23,0,4.99
380,Merauke,ID,2022-04-16 02:43:25,-8.4667,140.3333,87.67,62,73,5.23
381,Acandi,CO,2022-04-16 02:43:25,8.5063,-77.2778,77.67,92,95,4.81
382,Egvekinot,RU,2022-04-16 02:43:25,66.3167,-179.1667,17.11,84,100,13.6
383,Denpasar,ID,2022-04-16 02:43:26,-8.65,115.2167,85.71,79,20,4.61
384,Abonnema,NG,2022-04-16 02:43:26,4.7084,6.7931,79.34,84,91,3.42
385,Lamu,KE,2022-04-16 02:43:26,-2.2717,40.902,80.82,77,100,8.81
386,Lazaro Cardenas,MX,2022-04-16 02:43:27,17.9583,-102.2,74.88,77,94,4.12
387,Korla,CN,2022-04-16 02:39:13,41.7597,86.1469,51.12,9,0,5.28
388,Bilma,NE,2022-04-16 02:39:48,18.6853,12.9164,83.37,7,100,8.88
389,Upernavik,GL,2022-04-16 02:43:27,72.7868,-56.1549,-17.7,98,34,6.42
390,Nacimiento,CL,2022-04-16 02:43:28,-37.5,-72.6667,50.97,80,6,4.12
391,Aquiraz,BR,2022-04-16 02:43:28,-3.9014,-38.3911,82.49,85,44,3.18
392,Labuhan,ID,2022-04-16 02:43:28,-6.8844,112.2051,86.5,64,93,2.21
393,Loreto,MX,2022-04-16 02:41:58,22.2667,-101.9667,68.63,13,70,4.92
394,Rio Grande,BR,2022-04-16 02:43:29,-32.035,-52.0986,64.56,59,72,10.65
395,Jiayuguan,CN,2022-04-16 02:39:09,39.8167,98.3,44.2,20,99,10.07
396,Pilar,BR,2022-04-16 02:43:29,-9.5972,-35.9567,76.93,90,32,5.44
397,Buala,SB,2022-04-16 02:43:29,-8.145,159.5921,84.83,67,100,6.15
398,College,US,2022-04-16 02:43:27,64.8569,-147.8028,34.59,39,40,14.97
399,Broome,US,2022-04-16 02:38:36,42.2506,-75.833,59.38,38,100,12.66
400,Aklavik,CA,2022-04-16 02:43:30,68.2191,-135.0107,6.15,86,100,5.77
401,Cangucu,BR,2022-04-16 02:43:30,-31.395,-52.6756,53.11,78,53,3.91
402,Bac Lieu,VN,2022-04-16 02:43:31,9.285,105.7244,85.96,68,82,8.93
403,Ust-Nera,RU,2022-04-16 02:43:31,64.5667,143.2,18.93,74,93,2.95
404,Kamenka,RU,2022-04-16 02:43:31,51.3223,42.7678,43.56,75,95,7.25
405,Adrar,MR,2022-04-16 02:43:32,20.5022,-10.0711,76.6,16,2,9.75
406,Cootamundra,AU,2022-04-16 02:43:32,-34.65,148.0333,75.94,28,1,3.89
407,Wajima,JP,2022-04-16 02:43:32,37.4,136.9,52.48,66,20,12.66
408,Lida,BY,2022-04-16 02:43:33,53.8833,25.2997,34.34,83,98,15.3
409,Bara,NG,2022-04-16 02:43:33,10.3744,10.7288,80.33,59,73,5.66
410,Acajutla,SV,2022-04-16 02:43:33,13.5928,-89.8275,82.78,78,85,5.68
411,Komsomolskiy,UZ,2022-04-16 02:43:34,40.4272,71.7189,68.72,32,9,6.91
412,Port Hardy,CA,2022-04-16 02:42:16,50.6996,-127.4199,46.4,65,75,11.5
413,Kalemie,CD,2022-04-16 02:44:34,-5.9475,29.1947,68.32,90,100,6.38
414,Khatanga,RU,2022-04-16 02:39:53,71.9667,102.5,20.71,93,100,10.09
415,Vallenar,CL,2022-04-16 02:44:35,-28.5708,-70.7581,56.73,73,0,0.72
416,Oga,IT,2022-04-16 02:44:35,46.4631,10.347,43.68,92,57,7.45
417,Meulaboh,ID,2022-04-16 02:44:35,4.1363,96.1285,83.79,72,78,2.73
418,Axim,GH,2022-04-16 02:44:36,4.8699,-2.2405,78.84,84,97,6.31
419,Kismayo,SO,2022-04-16 02:44:36,-0.3582,42.5454,80.64,82,80,6.33
420,Portland,US,2022-04-16 02:44:01,45.5234,-122.6762,53.64,50,20,1.01
421,Impfondo,CG,2022-04-16 02:44:37,1.6381,18.0667,69.8,97,95,1.12
422,Daru,PG,2022-04-16 02:44:37,-9.0763,143.2092,78.12,86,100,0.87
423,Suntar,RU,2022-04-16 02:44:37,62.1444,117.6319,26.19,72,100,5.06
424,Shache,CN,2022-04-16 02:44:38,38.4167,77.2406,68.25,22,0,6.93
425,Bousse,BF,2022-04-16 02:44:38,12.6606,-1.8922,86.94,38,88,9.31
426,Jesus Maria,AR,2022-04-16 02:44:38,-30.9815,-64.0942,55.51,44,76,5.84
427,Manokwari,ID,2022-04-16 02:44:39,-0.8667,134.0833,84.11,69,75,6.06
428,Fujin,CN,2022-04-16 02:44:39,47.26,132.0322,55.29,32,100,12.8
429,Sisimiut,GL,2022-04-16 02:44:39,66.9395,-53.6735,11.32,70,16,9.4
430,Acarau,BR,2022-04-16 02:44:40,-2.8856,-40.12,78.1,84,70,3.62
431,Trelew,AR,2022-04-16 02:44:40,-43.249,-65.3051,65.28,39,5,11.9
432,Mahajanga,MG,2022-04-16 02:44:40,-15.7167,46.3167,71.62,94,20,6.91
433,Hamilton,US,2022-04-16 02:42:15,39.1834,-84.5333,60.89,62,100,10.36
434,Masvingo,ZW,2022-04-16 02:42:52,-20.0637,30.8277,66.04,82,46,4.88
435,Kashi,CN,2022-04-16 02:44:41,39.4547,75.9797,63.61,22,0,6.71
436,Sorland,NO,2022-04-16 02:44:41,67.667,12.6934,41.88,94,100,28.54
437,Cascais,PT,2022-04-16 02:44:42,38.6979,-9.4215,60.51,72,19,3.0
438,North Bend,US,2022-04-16 02:44:42,43.4065,-124.2243,48.11,82,0,13.8
439,Nioki,CD,2022-04-16 02:44:42,-2.7167,17.6833,69.24,94,100,2.35
440,Nanortalik,GL,2022-04-16 02:44:43,60.1432,-45.2371,27.09,80,92,10.07
441,Padilla,CO,2022-04-16 02:44:43,3.2204,-76.3139,74.77,93,100,3.49
442,Bima,ID,2022-04-16 02:44:43,-8.4667,118.7167,90.46,61,33,2.01
443,Nizhniy Tsasuchey,RU,2022-04-16 02:44:44,50.5167,115.1333,46.81,42,99,10.11
444,Killybegs,IE,2022-04-16 02:44:44,54.6333,-8.45,47.43,85,100,7.74
445,Boa Vista,BR,2022-04-16 02:44:44,2.8197,-60.6733,76.98,83,75,4.61
446,Nelson Bay,AU,2022-04-16 02:44:45,-32.7167,152.15,73.45,64,100,5.48
447,Gizo,SB,2022-04-16 02:44:45,-8.103,156.8419,84.45,70,100,4.29
448,Ulaangom,MN,2022-04-16 02:44:45,49.9811,92.0667,42.98,27,6,3.11
449,Xining,CN,2022-04-16 02:44:13,36.6167,101.7667,46.74,54,95,2.77
450,Buin,CL,2022-04-16 02:44:46,-33.7333,-70.75,61.05,62,1,2.51
451,Kaman,IN,2022-04-16 02:44:46,27.65,77.2667,90.12,11,0,6.46
452,Wattegama,LK,2022-04-16 02:44:46,6.7989,81.4808,82.76,72,39,6.42
453,Antalaha,MG,2022-04-16 02:44:47,-14.9003,50.2788,75.34,90,44,6.49
454,Leh,IN,2022-04-16 02:44:47,34.1667,77.5833,37.49,50,82,2.53
455,Amapa,BR,2022-04-16 02:44:47,1.0,-52.0,70.93,99,100,1.63
456,Barcelos,PT,2022-04-16 02:44:48,41.5388,-8.6151,55.92,91,75,3.06
457,Viedma,AR,2022-04-16 02:40:25,-40.8135,-62.9967,62.44,51,2,15.52
458,Azangaro,PE,2022-04-16 02:44:48,-14.9167,-70.2167,39.7,49,7,0.58
459,Lethem,GY,2022-04-16 02:45:48,3.3803,-59.7968,73.81,82,99,6.02
460,Mackenzie,CA,2022-04-16 02:45:49,55.2999,-123.1698,35.82,41,100,3.44
461,Nyandoma,RU,2022-04-16 02:45:49,61.669,40.1991,19.13,96,32,4.72
462,Paamiut,GL,2022-04-16 02:45:49,61.994,-49.6678,21.72,78,20,13.22
463,Yukhnov,RU,2022-04-16 02:45:50,54.7444,35.2297,36.0,97,100,9.26
464,Riyadh,SA,2022-04-16 02:45:50,24.6877,46.7219,78.94,32,46,4.52
465,Gwadar,PK,2022-04-16 02:45:50,25.1216,62.3254,81.63,73,9,5.64
466,Naze,JP,2022-04-16 02:45:51,28.3667,129.4833,68.92,58,27,19.8
467,Xanlar,AZ,2022-04-16 02:45:51,40.5869,46.3158,40.51,76,40,6.91
468,Ranong,TH,2022-04-16 02:45:51,9.9658,98.6348,85.93,59,24,4.45
469,Palmer,US,2022-04-16 02:44:37,42.1584,-72.3287,54.95,37,20,10.0
470,Maningrida,AU,2022-04-16 02:45:52,-12.0667,134.2667,85.32,66,97,8.39
471,Lumberton,US,2022-04-16 02:42:10,34.6182,-79.0086,62.91,65,59,6.11
472,Pedernales,DO,2022-04-16 02:45:52,18.0384,-71.744,78.28,67,69,10.54
473,Dongying,CN,2022-04-16 02:45:53,37.4564,118.4856,65.75,15,65,10.65
474,Kaeo,NZ,2022-04-16 02:45:53,-35.1,173.7833,69.33,83,98,6.91
475,Alice Springs,AU,2022-04-16 02:45:53,-23.7,133.8833,92.75,17,5,6.91
476,Mackay,AU,2022-04-16 02:45:54,-21.15,149.2,83.68,69,100,19.57
477,Dandong,CN,2022-04-16 02:45:54,40.1292,124.3947,64.17,16,0,6.11
478,Camana,PE,2022-04-16 02:45:54,-16.6228,-72.7111,67.05,83,89,9.66
479,Tendukheda,IN,2022-04-16 02:45:55,23.4,79.55,92.62,13,0,12.93
480,Damara,CF,2022-04-16 02:45:55,4.9608,18.7035,71.85,83,88,3.6
481,Roald,NO,2022-04-16 02:45:55,62.5833,6.1333,45.75,93,51,8.05
482,Oktyabrskoye,RU,2022-04-16 02:45:56,43.0645,44.7417,37.54,93,84,6.71
483,Farmington,US,2022-04-16 02:45:56,36.7281,-108.2187,65.08,17,0,5.75
484,Kimbe,PG,2022-04-16 02:45:56,-5.5502,150.1429,87.8,63,58,6.08
485,Ancud,CL,2022-04-16 02:45:57,-41.8697,-73.8203,54.23,92,10,4.25
486,Sindou,BF,2022-04-16 02:45:57,10.6667,-5.1667,79.47,64,96,6.44
487,Sao Raimundo Nonato,BR,2022-04-16 02:43:45,-9.0153,-42.6994,77.72,72,98,2.46
488,Husavik,IS,2022-04-16 02:45:57,66.0449,-17.3389,40.06,71,100,14.9
489,Rubtsovsk,RU,2022-04-16 02:45:58,51.5,81.25,54.48,36,0,9.06
490,Taldan,RU,2022-04-16 02:45:58,53.6667,124.8,33.35,49,100,12.8
491,Salou,ES,2022-04-16 02:45:58,41.0766,1.1416,63.05,65,0,8.05
492,Amga,RU,2022-04-16 02:45:59,60.8953,131.9608,31.95,62,100,5.7
493,Raudeberg,NO,2022-04-16 02:45:59,61.9875,5.1352,45.86,74,21,11.3
494,Konstantinovsk,RU,2022-04-16 02:45:59,47.5828,41.0922,45.45,94,19,6.69
495,Jackson,US,2022-04-16 02:43:34,42.4165,-122.8345,51.67,37,75,3.44
496,Tromso,NO,2022-04-16 02:46:00,69.6496,18.957,35.62,64,100,18.41
497,Santa Rosalia,MX,2022-04-16 02:46:00,27.3167,-112.2833,71.02,36,100,5.01
498,Lata,PT,2022-04-16 02:46:01,40.1629,-8.3327,51.55,91,100,2.28
499,Qaqortoq,GL,2022-04-16 02:46:01,60.7167,-46.0333,25.95,76,76,2.37
500,La Asuncion,VE,2022-04-16 02:46:01,11.0333,-63.8628,78.53,89,67,18.41
501,Sao Manuel,BR,2022-04-16 02:46:02,-22.7311,-48.5706,53.11,64,0,7.96
502,Mangaldai,IN,2022-04-16 02:46:02,26.4333,92.0333,77.54,74,77,9.51
503,Birr,IE,2022-04-16 02:46:02,53.0914,-7.9133,45.21,94,99,6.49
504,Rovaniemi,FI,2022-04-16 02:46:03,66.5,25.7167,27.81,68,0,3.44
505,Khani,GE,2022-04-16 02:46:03,41.9563,42.9566,31.57,80,15,5.1
506,Ostersund,SE,2022-04-16 02:46:04,63.1792,14.6357,36.05,75,100,8.05
507,Vostok,RU,2022-04-16 02:43:25,46.4856,135.8833,46.74,43,99,11.39
